SMILES,Y
OCC1CCN(c2nccnc2OC2CN(c3ccc4ccccc4n3)C2)C1,7.36251027048749
Cc1ccccc1-c1nccnc1OC1CN(c2ccc3ccccc3n2)C1,6.892790030352131
