SMILES,Y
OCC1CCCN(c2nccnc2OC2CN(c3ccc4ccccc4n3)C2)C1,7.391473966422806
Fc1cc(-c2nccnc2OC2CN(c3ccc4ccccc4n3)C2)ccn1,7.403402904373539
